{
  "seeds": [
    0,
    1,
    2
  ],
  "config": {
    "d_hidden": 128,
    "n_layers": 3,
    "n_train": 4000,
    "n_probe": 800,
    "eps": 0.05
  },
  "aggregate": {
    "ft_vs_unsafe_ft": {
      "n_total": 9,
      "n_above_8": 0,
      "kappa_median": 0.08971768099662303,
      "kappa_max": 2.6378520931252707,
      "r_S_median": 11.0,
      "per_layer_kappa_mean": {
        "0": 0.03775855224184949,
        "1": 0.09457140250377181,
        "2": 2.2882405554331466
      }
    },
    "ft_vs_unsafe_dist5": {
      "n_total": 9,
      "n_above_8": 0,
      "kappa_median": 0.04718565391804434,
      "kappa_max": 0.18749448282801312,
      "r_S_median": 24.0,
      "per_layer_kappa_mean": {
        "0": 0.038514545457661024,
        "1": 0.04891058373382338,
        "2": 0.16863715996485948
      }
    },
    "dist5_vs_unsafe_ft": {
      "n_total": 9,
      "n_above_8": 0,
      "kappa_median": 0.050825915570511394,
      "kappa_max": 0.08727868770439406,
      "r_S_median": 66.0,
      "per_layer_kappa_mean": {
        "0": 0.04862508688260961,
        "1": 0.049538845133067076,
        "2": 0.0832668872125462
      }
    },
    "dist5_vs_unsafe_dist5": {
      "n_total": 9,
      "n_above_8": 0,
      "kappa_median": 0.045911295943196116,
      "kappa_max": 0.06631911252389583,
      "r_S_median": 61.0,
      "per_layer_kappa_mean": {
        "0": 0.047406877041048644,
        "1": 0.03808515209732586,
        "2": 0.0568622026644108
      }
    }
  },
  "per_seed": [
    {
      "seed": 0,
      "pairs": {
        "ft_vs_unsafe_ft": [
          {
            "r_S": 53,
            "sigma_1_S": 14.349242210388184,
            "sigma_r_S": 1.1388753652572632,
            "frob_S_sq": 709.0457153320312,
            "frob_M_honest_sq": 683.0949096679688,
            "frob_M_unsafe_sq": 11.104214668273926,
            "kappa_emp": 0.0373678690197146,
            "layer": 0
          },
          {
            "r_S": 11,
            "sigma_1_S": 67.63201904296875,
            "sigma_r_S": 4.869147300720215,
            "frob_S_sq": 5755.23046875,
            "frob_M_honest_sq": 5246.255859375,
            "frob_M_unsafe_sq": 38.8997917175293,
            "kappa_emp": 0.08971768099662303,
            "layer": 1
          },
          {
            "r_S": 2,
            "sigma_1_S": 254.87918090820312,
            "sigma_r_S": 83.74898529052734,
            "frob_S_sq": 74083.5859375,
            "frob_M_honest_sq": 64417.46875,
            "frob_M_unsafe_sq": 1118.8818359375,
            "kappa_emp": 2.14045868422157,
            "layer": 2
          }
        ],
        "ft_vs_unsafe_dist5": [
          {
            "r_S": 58,
            "sigma_1_S": 14.281548500061035,
            "sigma_r_S": 1.207303762435913,
            "frob_S_sq": 783.5773315429688,
            "frob_M_honest_sq": 683.0949096679688,
            "frob_M_unsafe_sq": 77.15026092529297,
            "kappa_emp": 0.038345061071666624,
            "layer": 0
          },
          {
            "r_S": 24,
            "sigma_1_S": 65.56436920166016,
            "sigma_r_S": 3.6748223304748535,
            "frob_S_sq": 5913.97705078125,
            "frob_M_honest_sq": 5246.255859375,
            "frob_M_unsafe_sq": 477.65301513671875,
            "kappa_emp": 0.04718565391804434,
            "layer": 1
          },
          {
            "r_S": 6,
            "sigma_1_S": 236.51316833496094,
            "sigma_r_S": 24.694931030273438,
            "frob_S_sq": 69821.265625,
            "frob_M_honest_sq": 64417.46875,
            "frob_M_unsafe_sq": 4505.8076171875,
            "kappa_emp": 0.1769618772447939,
            "layer": 2
          }
        ],
        "dist5_vs_unsafe_ft": [
          {
            "r_S": 70,
            "sigma_1_S": 2.4215290546417236,
            "sigma_r_S": 0.4944950342178345,
            "frob_S_sq": 102.76628112792969,
            "frob_M_honest_sq": 92.6935043334961,
            "frob_M_unsafe_sq": 11.104214668273926,
            "kappa_emp": 0.0471157442028042,
            "layer": 0
          },
          {
            "r_S": 66,
            "sigma_1_S": 7.393885612487793,
            "sigma_r_S": 1.4210842847824097,
            "frob_S_sq": 803.6513671875,
            "frob_M_honest_sq": 787.233154296875,
            "frob_M_unsafe_sq": 38.8997917175293,
            "kappa_emp": 0.0488899650885082,
            "layer": 1
          },
          {
            "r_S": 19,
            "sigma_1_S": 55.20425796508789,
            "sigma_r_S": 9.206188201904297,
            "frob_S_sq": 19870.359375,
            "frob_M_honest_sq": 18658.94921875,
            "frob_M_unsafe_sq": 1118.8818359375,
            "kappa_emp": 0.08570596136101034,
            "layer": 2
          }
        ],
        "dist5_vs_unsafe_dist5": [
          {
            "r_S": 61,
            "sigma_1_S": 3.0021026134490967,
            "sigma_r_S": 0.6244096159934998,
            "frob_S_sq": 144.84568786621094,
            "frob_M_honest_sq": 92.6935043334961,
            "frob_M_unsafe_sq": 77.15026092529297,
            "kappa_emp": 0.045911295943196116,
            "layer": 0
          },
          {
            "r_S": 64,
            "sigma_1_S": 7.574508190155029,
            "sigma_r_S": 1.5292351245880127,
            "frob_S_sq": 1029.2030029296875,
            "frob_M_honest_sq": 787.233154296875,
            "frob_M_unsafe_sq": 477.65301513671875,
            "kappa_emp": 0.036976609006973395,
            "layer": 1
          },
          {
            "r_S": 24,
            "sigma_1_S": 48.09659194946289,
            "sigma_r_S": 7.6554694175720215,
            "frob_S_sq": 19397.732421875,
            "frob_M_honest_sq": 18658.94921875,
            "frob_M_unsafe_sq": 4505.8076171875,
            "kappa_emp": 0.05059946229390985,
            "layer": 2
          }
        ]
      }
    },
    {
      "seed": 1,
      "pairs": {
        "ft_vs_unsafe_ft": [
          {
            "r_S": 55,
            "sigma_1_S": 12.421281814575195,
            "sigma_r_S": 1.174273133277893,
            "frob_S_sq": 723.5186157226562,
            "frob_M_honest_sq": 705.2039794921875,
            "frob_M_unsafe_sq": 8.747861862182617,
            "kappa_emp": 0.03862774242370374,
            "layer": 0
          },
          {
            "r_S": 9,
            "sigma_1_S": 72.32750701904297,
            "sigma_r_S": 5.666995525360107,
            "frob_S_sq": 6345.85595703125,
            "frob_M_honest_sq": 6018.2451171875,
            "frob_M_unsafe_sq": 20.140396118164062,
            "kappa_emp": 0.10636895644932241,
            "layer": 1
          },
          {
            "r_S": 2,
            "sigma_1_S": 238.72003173828125,
            "sigma_r_S": 89.32355499267578,
            "frob_S_sq": 66603.5,
            "frob_M_honest_sq": 59824.265625,
            "frob_M_unsafe_sq": 669.630126953125,
            "kappa_emp": 2.6378520931252707,
            "layer": 2
          }
        ],
        "ft_vs_unsafe_dist5": [
          {
            "r_S": 59,
            "sigma_1_S": 12.703042984008789,
            "sigma_r_S": 1.233521819114685,
            "frob_S_sq": 800.7470703125,
            "frob_M_honest_sq": 705.2039794921875,
            "frob_M_unsafe_sq": 86.48072814941406,
            "kappa_emp": 0.03843894074358765,
            "layer": 0
          },
          {
            "r_S": 20,
            "sigma_1_S": 71.0883560180664,
            "sigma_r_S": 4.224541664123535,
            "frob_S_sq": 6604.123046875,
            "frob_M_honest_sq": 6018.2451171875,
            "frob_M_unsafe_sq": 437.355712890625,
            "kappa_emp": 0.05529075524237352,
            "layer": 1
          },
          {
            "r_S": 5,
            "sigma_1_S": 227.81785583496094,
            "sigma_r_S": 24.43303680419922,
            "frob_S_sq": 66424.40625,
            "frob_M_honest_sq": 59824.265625,
            "frob_M_unsafe_sq": 3854.7587890625,