{
  "family": "qwen",
  "config": {
    "base": "Qwen/Qwen2.5-7B",
    "aligned": "Qwen/Qwen2.5-7B-Instruct"
  },
  "n_safety": 200,
  "n_control": 200,
  "n_gen": 100,
  "n_layers": 28,
  "narrow_band": [
    12,
    13,
    15,
    17,
    19
  ],
  "baseline_refusal": {
    "rate": 0.96,
    "k": 96,
    "n": 100,
    "wilson95_lo": 0.9016278276739262,
    "wilson95_hi": 0.984336949448152
  },
  "template_ablation": {
    "1": {
      "rate": 0.92,
      "k": 92,
      "n": 100,
      "wilson95_lo": 0.8500173312059693,
      "wilson95_hi": 0.9589070305141891
    },
    "3": {
      "rate": 0.54,
      "k": 54,
      "n": 100,
      "wilson95_lo": 0.44264685393523856,
      "wilson95_hi": 0.6343935614666815
    },
    "5": {
      "rate": 0.24,
      "k": 24,
      "n": 100,
      "wilson95_lo": 0.16691211265459965,
      "wilson95_hi": 0.3323251872329213
    },
    "10": {
      "rate": 0.06,
      "k": 6,
      "n": 100,
      "wilson95_lo": 0.02778574526665662,
      "wilson95_hi": 0.12476968531222507
    },
    "20": {
      "rate": 0.01,
      "k": 1,
      "n": 100,
      "wilson95_lo": 0.0017673865655472645,
      "wilson95_hi": 0.0544875247609346
    },
    "50": {
      "rate": 0.01,
      "k": 1,
      "n": 100,
      "wilson95_lo": 0.0017673865655472645,
      "wilson95_hi": 0.0544875247609346
    }
  },
  "template_ablation_random": {
    "3": {
      "rate": 0.95,
      "k": 95,
      "n": 100,
      "wilson95_lo": 0.8882480347279118,
      "wilson95_hi": 0.9784566385436864
    }
  }
}