{
  "family": "qwen",
  "config": {
    "base": "Qwen/Qwen2.5-7B",
    "aligned": "Qwen/Qwen2.5-7B-Instruct"
  },
  "n_safety": 200,
  "n_boot": 200,
  "n_layers": 28,
  "selected_layers": [
    13,
    15,
    18,
    21,
    24
  ],
  "M_template_bootstrap": {
    "13": {
      "mean": 5.045,
      "std": 0.23016298572967805,
      "ci95_lo": 5.0,
      "ci95_hi": 6.0
    },
    "15": {
      "mean": 7.065,
      "std": 0.3328287848128524,
      "ci95_lo": 6.9750000000000005,
      "ci95_hi": 8.0
    },
    "18": {
      "mean": 15.67,
      "std": 0.6091797764207213,
      "ci95_lo": 15.0,
      "ci95_hi": 17.0
    },
    "21": {
      "mean": 25.375,
      "std": 0.8685476383020104,
      "ci95_lo": 24.0,
      "ci95_hi": 27.0
    },
    "24": {
      "mean": 35.915,
      "std": 1.2156376927357921,
      "ci95_lo": 34.0,
      "ci95_hi": 38.0
    }
  }
}