{
  "family": "llama",
  "n_safety": 200,
  "n_control": 200,
  "n_gen": 100,
  "n_layers": 32,
  "narrow_band": [
    14,
    16,
    18,
    20,
    22
  ],
  "baseline_refusal": {
    "rate": 0.97,
    "k": 97,
    "n": 100,
    "wilson95_lo": 0.915479219195973,
    "wilson95_hi": 0.9897456617765851
  },
  "mdid_ablation": {
    "1": {
      "rate": 0.87,
      "k": 87,
      "n": 100,
      "wilson95_lo": 0.7901947810519012,
      "wilson95_hi": 0.9224290614158575
    },
    "3": {
      "rate": 0.69,
      "k": 69,
      "n": 100,
      "wilson95_lo": 0.5937376052204429,
      "wilson95_hi": 0.7722043679386762
    },
    "5": {
      "rate": 0.79,
      "k": 79,
      "n": 100,
      "wilson95_lo": 0.7001985069803768,
      "wilson95_hi": 0.8583445046835422
    },
    "10": {
      "rate": 0.5,
      "k": 50,
      "n": 100,
      "wilson95_lo": 0.40382982859014716,
      "wilson95_hi": 0.5961701714098528
    },
    "20": {
      "rate": 0.27,
      "k": 27,
      "n": 100,
      "wilson95_lo": 0.1926946091766482,
      "wilson95_hi": 0.3643230022623127
    },
    "50": {
      "rate": 0.01,
      "k": 1,
      "n": 100,
      "wilson95_lo": 0.0017673865655472645,
      "wilson95_hi": 0.0544875247609346
    }
  }
}